config,n,brier,alpha,alpha_sem,UNC,REL,RES,tokens_per_market,cost_usd_per_market
sequential_pipeline,100,0.153112,-0.000607,0.01215,0.2491,0.013106,0.10872,55252.79,0.355958
independent_ensemble,100,0.159145,-0.006641,0.011047,0.2491,0.019898,0.110414,15361.86,0.0983
orchestrator_specialist,100,0.16168,-0.009175,0.010841,0.2491,0.0253,0.1116,49215.08,0.312973
peer_critique_debate,100,0.169563,-0.017058,0.012337,0.2491,0.020072,0.100044,36015.02,0.232255
consensus_alignment,100,0.180916,-0.028411,0.014656,0.2491,0.02619,0.093696,15113.1,0.096996
